DATAFLOW,LAST UPDATE,freq,unit,sex,age,geo,TIME_PERIOD,OBS_VALUE,OBS_FLAG,CONF_STATUS,geo_code
ESTAT:DEMO_R_D2JAN(1.0),08/05/26 11:00:00,A:Annual,NR:Number,T:Total,TOTAL:Total,AL:Albania,2025,2363314,,,AL
ESTAT:DEMO_R_D2JAN(1.0),08/05/26 11:00:00,A:Annual,NR:Number,T:Total,TOTAL:Total,AL0:Shqipëria,2025,2363314,,,AL0
ESTAT:DEMO_R_D2JAN(1.0),08/05/26 11:00:00,A:Annual,NR:Number,T:Total,TOTAL:Total,AL01:Veri,2025,633710,,,AL01
ESTAT:DEMO_R_D2JAN(1.0),08/05/26 11:00:00,A:Annual,NR:Number,T:Total,TOTAL:Total,AL02:Qender,2025,986944,,,AL02
ESTAT:DEMO_R_D2JAN(1.0),08/05/26 11:00:00,A:Annual,NR:Number,T:Total,TOTAL:Total,AL03:Jug,2025,742660,,,AL03
ESTAT:DEMO_R_D2JAN(1.0),08/05/26 11:00:00,A:Annual,NR:Number,T:Total,TOTAL:Total,AT:Austria,2025,9197213,,,AT
ESTAT:DEMO_R_D2JAN(1.0),08/05/26 11:00:00,A:Annual,NR:Number,T:Total,TOTAL:Total,AT1:Ostösterreich,2025,4057593,,,AT1
ESTAT:DEMO_R_D2JAN(1.0),08/05/26 11:00:00,A:Annual,NR:Number,T:Total,TOTAL:Total,AT11:Burgenland,2025,301790,,,AT11
ESTAT:DEMO_R_D2JAN(1.0),08/05/26 11:00:00,A:Annual,NR:Number,T:Total,TOTAL:Total,AT12:Niederösterreich,2025,1727514,,,AT12
ESTAT:DEMO_R_D2JAN(1.0),08/05/26 11:00:00,A:Annual,NR:Number,T:Total,TOTAL:Total,AT13:Wien,2025,2028289,,,AT13
ESTAT:DEMO_R_D2JAN(1.0),08/05/26 11:00:00,A:Annual,NR:Number,T:Total,TOTAL:Total,AT2:Südösterreich,2025,1841811,,,AT2
ESTAT:DEMO_R_D2JAN(1.0),08/05/26 11:00:00,A:Annual,NR:Number,T:Total,TOTAL:Total,AT21:Kärnten,2025,570095,,,AT21
ESTAT:DEMO_R_D2JAN(1.0),08/05/26 11:00:00,A:Annual,NR:Number,T:Total,TOTAL:Total,AT22:Steiermark,2025,1271716,,,AT22
ESTAT:DEMO_R_D2JAN(1.0),08/05/26 11:00:00,A:Annual,NR:Number,T:Total,TOTAL:Total,AT3:Westösterreich,2025,3297809,,,AT3
ESTAT:DEMO_R_D2JAN(1.0),08/05/26 11:00:00,A:Annual,NR:Number,T:Total,TOTAL:Total,AT31:Oberösterreich,2025,1535519,,,AT31
ESTAT:DEMO_R_D2JAN(1.0),08/05/26 11:00:00,A:Annual,NR:Number,T:Total,TOTAL:Total,AT32:Salzburg,2025,572846,,,AT32
ESTAT:DEMO_R_D2JAN(1.0),08/05/26 11:00:00,A:Annual,NR:Number,T:Total,TOTAL:Total,AT33:Tirol,2025,777660,,,AT33
ESTAT:DEMO_R_D2JAN(1.0),08/05/26 11:00:00,A:Annual,NR:Number,T:Total,TOTAL:Total,AT34:Vorarlberg,2025,411784,,,AT34
ESTAT:DEMO_R_D2JAN(1.0),08/05/26 11:00:00,A:Annual,NR:Number,T:Total,TOTAL:Total,BE:Belgium,2025,11883495,,,BE
ESTAT:DEMO_R_D2JAN(1.0),08/05/26 11:00:00,A:Annual,NR:Number,T:Total,TOTAL:Total,BE1:Région de Bruxelles-Capitale/Brussels Hoofdstedelijk Gewest,2025,1271709,,,BE1
ESTAT:DEMO_R_D2JAN(1.0),08/05/26 11:00:00,A:Annual,NR:Number,T:Total,TOTAL:Total,BE10:Région de Bruxelles-Capitale/Brussels Hoofdstedelijk Gewest,2025,1271709,,,BE10
ESTAT:DEMO_R_D2JAN(1.0),08/05/26 11:00:00,A:Annual,NR:Number,T:Total,TOTAL:Total,BE2:Vlaams Gewest,2025,6884271,,,BE2
ESTAT:DEMO_R_D2JAN(1.0),08/05/26 11:00:00,A:Annual,NR:Number,T:Total,TOTAL:Total,BE21:Prov. Antwerpen,2025,1947973,,,BE21
ESTAT:DEMO_R_D2JAN(1.0),08/05/26 11:00:00,A:Annual,NR:Number,T:Total,TOTAL:Total,BE22:Prov. Limburg (BE),2025,909455,,,BE22
ESTAT:DEMO_R_D2JAN(1.0),08/05/26 11:00:00,A:Annual,NR:Number,T:Total,TOTAL:Total,BE23:Prov. Oost-Vlaanderen,2025,1586436,,,BE23
ESTAT:DEMO_R_D2JAN(1.0),08/05/26 11:00:00,A:Annual,NR:Number,T:Total,TOTAL:Total,BE24:Prov. Vlaams-Brabant,2025,1205743,,,BE24
ESTAT:DEMO_R_D2JAN(1.0),08/05/26 11:00:00,A:Annual,NR:Number,T:Total,TOTAL:Total,BE25:Prov. West-Vlaanderen,2025,1234664,,,BE25
ESTAT:DEMO_R_D2JAN(1.0),08/05/26 11:00:00,A:Annual,NR:Number,T:Total,TOTAL:Total,BE3:Région wallonne,2025,3727515,,,BE3
ESTAT:DEMO_R_D2JAN(1.0),08/05/26 11:00:00,A:Annual,NR:Number,T:Total,TOTAL:Total,BE31:Prov. Brabant wallon,2025,416504,,,BE31
ESTAT:DEMO_R_D2JAN(1.0),08/05/26 11:00:00,A:Annual,NR:Number,T:Total,TOTAL:Total,BE32:Prov. Hainaut,2025,1369741,,,BE32
ESTAT:DEMO_R_D2JAN(1.0),08/05/26 11:00:00,A:Annual,NR:Number,T:Total,TOTAL:Total,BE33:Prov. Liège,2025,1131687,,,BE33
ESTAT:DEMO_R_D2JAN(1.0),08/05/26 11:00:00,A:Annual,NR:Number,T:Total,TOTAL:Total,BE34:Prov. Luxembourg (BE),2025,299812,,,BE34
ESTAT:DEMO_R_D2JAN(1.0),08/05/26 11:00:00,A:Annual,NR:Number,T:Total,TOTAL:Total,BE35:Prov. Namur,2025,509771,,,BE35
ESTAT:DEMO_R_D2JAN(1.0),08/05/26 11:00:00,A:Annual,NR:Number,T:Total,TOTAL:Total,BG:Bulgaria,2025,6437360,,,BG
ESTAT:DEMO_R_D2JAN(1.0),08/05/26 11:00:00,A:Annual,NR:Number,T:Total,TOTAL:Total,BG3:Severna i Yugoiztochna Bulgaria,2025,3107886,,,BG3
ESTAT:DEMO_R_D2JAN(1.0),08/05/26 11:00:00,A:Annual,NR:Number,T:Total,TOTAL:Total,BG31:Severozapaden,2025,655430,,,BG31
ESTAT:DEMO_R_D2JAN(1.0),08/05/26 11:00:00,A:Annual,NR:Number,T:Total,TOTAL:Total,BG32:Severen tsentralen,2025,673331,,,BG32
ESTAT:DEMO_R_D2JAN(1.0),08/05/26 11:00:00,A:Annual,NR:Number,T:Total,TOTAL:Total,BG33:Severoiztochen,2025,826742,,,BG33
ESTAT:DEMO_R_D2JAN(1.0),08/05/26 11:00:00,A:Annual,NR:Number,T:Total,TOTAL:Total,BG34:Yugoiztochen,2025,952383,,,BG34
ESTAT:DEMO_R_D2JAN(1.0),08/05/26 11:00:00,A:Annual,NR:Number,T:Total,TOTAL:Total,BG4:Yugozapadna i Yuzhna tsentralna Bulgaria,2025,3329474,,,BG4
ESTAT:DEMO_R_D2JAN(1.0),08/05/26 11:00:00,A:Annual,NR:Number,T:Total,TOTAL:Total,BG41:Yugozapaden,2025,2022982,,,BG41
ESTAT:DEMO_R_D2JAN(1.0),08/05/26 11:00:00,A:Annual,NR:Number,T:Total,TOTAL:Total,BG42:Yuzhen tsentralen,2025,1306492,,,BG42
ESTAT:DEMO_R_D2JAN(1.0),08/05/26 11:00:00,A:Annual,NR:Number,T:Total,TOTAL:Total,CH:Switzerland,2025,9051029,,,CH
ESTAT:DEMO_R_D2JAN(1.0),08/05/26 11:00:00,A:Annual,NR:Number,T:Total,TOTAL:Total,CH0:Schweiz/Suisse/Svizzera,2025,9051029,,,CH0
ESTAT:DEMO_R_D2JAN(1.0),08/05/26 11:00:00,A:Annual,NR:Number,T:Total,TOTAL:Total,CH01:Région lémanique,2025,1757496,,,CH01
ESTAT:DEMO_R_D2JAN(1.0),08/05/26 11:00:00,A:Annual,NR:Number,T:Total,TOTAL:Total,CH02:Espace Mittelland,2025,1962040,,,CH02
ESTAT:DEMO_R_D2JAN(1.0),08/05/26 11:00:00,A:Annual,NR:Number,T:Total,TOTAL:Total,CH03:Nordwestschweiz,2025,1238515,,,CH03
ESTAT:DEMO_R_D2JAN(1.0),08/05/26 11:00:00,A:Annual,NR:Number,T:Total,TOTAL:Total,CH04:Zürich,2025,1620020,,,CH04
ESTAT:DEMO_R_D2JAN(1.0),08/05/26 11:00:00,A:Annual,NR:Number,T:Total,TOTAL:Total,CH05:Ostschweiz,2025,1250159,,,CH05
ESTAT:DEMO_R_D2JAN(1.0),08/05/26 11:00:00,A:Annual,NR:Number,T:Total,TOTAL:Total,CH06:Zentralschweiz,2025,863896,,,CH06
ESTAT:DEMO_R_D2JAN(1.0),08/05/26 11:00:00,A:Annual,NR:Number,T:Total,TOTAL:Total,CH07:Ticino,2025,358903,,,CH07
ESTAT:DEMO_R_D2JAN(1.0),08/05/26 11:00:00,A:Annual,NR:Number,T:Total,TOTAL:Total,CY:Cyprus,2025,982966,,,CY
ESTAT:DEMO_R_D2JAN(1.0),08/05/26 11:00:00,A:Annual,NR:Number,T:Total,TOTAL:Total,CY0:Kýpros,2025,982966,,,CY0
ESTAT:DEMO_R_D2JAN(1.0),08/05/26 11:00:00,A:Annual,NR:Number,T:Total,TOTAL:Total,CY00:Kýpros,2025,982966,,,CY00
ESTAT:DEMO_R_D2JAN(1.0),08/05/26 11:00:00,A:Annual,NR:Number,T:Total,TOTAL:Total,CZ:Czechia,2025,10909500,,,CZ
ESTAT:DEMO_R_D2JAN(1.0),08/05/26 11:00:00,A:Annual,NR:Number,T:Total,TOTAL:Total,CZ0:Česko,2025,10909500,,,CZ0
ESTAT:DEMO_R_D2JAN(1.0),08/05/26 11:00:00,A:Annual,NR:Number,T:Total,TOTAL:Total,CZ01:Praha,2025,1397880,,,CZ01
ESTAT:DEMO_R_D2JAN(1.0),08/05/26 11:00:00,A:Annual,NR:Number,T:Total,TOTAL:Total,CZ02:Střední Čechy,2025,1466215,,,CZ02
ESTAT:DEMO_R_D2JAN(1.0),08/05/26 11:00:00,A:Annual,NR:Number,T:Total,TOTAL:Total,CZ03:Jihozápad,2025,1267867,,,CZ03
ESTAT:DEMO_R_D2JAN(1.0),08/05/26 11:00:00,A:Annual,NR:Number,T:Total,TOTAL:Total,CZ04:Severozápad,2025,1101551,,,CZ04
ESTAT:DEMO_R_D2JAN(1.0),08/05/26 11:00:00,A:Annual,NR:Number,T:Total,TOTAL:Total,CZ05:Severovýchod,2025,1535886,,,CZ05
ESTAT:DEMO_R_D2JAN(1.0),08/05/26 11:00:00,A:Annual,NR:Number,T:Total,TOTAL:Total,CZ06:Jihovýchod,2025,1746990,,,CZ06
ESTAT:DEMO_R_D2JAN(1.0),08/05/26 11:00:00,A:Annual,NR:Number,T:Total,TOTAL:Total,CZ07:Střední Morava,2025,1210498,,,CZ07
ESTAT:DEMO_R_D2JAN(1.0),08/05/26 11:00:00,A:Annual,NR:Number,T:Total,TOTAL:Total,CZ08:Moravskoslezsko,2025,1182613,,,CZ08
ESTAT:DEMO_R_D2JAN(1.0),08/05/26 11:00:00,A:Annual,NR:Number,T:Total,TOTAL:Total,DE:Germany,2025,83577140,,,DE
ESTAT:DEMO_R_D2JAN(1.0),08/05/26 11:00:00,A:Annual,NR:Number,T:Total,TOTAL:Total,DE1:Baden-Württemberg,2025,11245898,,,DE1
ESTAT:DEMO_R_D2JAN(1.0),08/05/26 11:00:00,A:Annual,NR:Number,T:Total,TOTAL:Total,DE11:Stuttgart,2025,4167550,,,DE11
ESTAT:DEMO_R_D2JAN(1.0),08/05/26 11:00:00,A:Annual,NR:Number,T:Total,TOTAL:Total,DE12:Karlsruhe,2025,2848413,,,DE12
ESTAT:DEMO_R_D2JAN(1.0),08/05/26 11:00:00,A:Annual,NR:Number,T:Total,TOTAL:Total,DE13:Freiburg,2025,2325856,,,DE13
ESTAT:DEMO_R_D2JAN(1.0),08/05/26 11:00:00,A:Annual,NR:Number,T:Total,TOTAL:Total,DE14:Tübingen,2025,1904079,,,DE14
ESTAT:DEMO_R_D2JAN(1.0),08/05/26 11:00:00,A:Annual,NR:Number,T:Total,TOTAL:Total,DE2:Bayern,2025,13248928,,,DE2
ESTAT:DEMO_R_D2JAN(1.0),08/05/26 11:00:00,A:Annual,NR:Number,T:Total,TOTAL:Total,DE21:Oberbayern,2025,4764548,,,DE21
ESTAT:DEMO_R_D2JAN(1.0),08/05/26 11:00:00,A:Annual,NR:Number,T:Total,TOTAL:Total,DE22:Niederbayern,2025,1259204,,,DE22
ESTAT:DEMO_R_D2JAN(1.0),08/05/26 11:00:00,A:Annual,NR:Number,T:Total,TOTAL:Total,DE23:Oberpfalz,2025,1121379,,,DE23
ESTAT:DEMO_R_D2JAN(1.0),08/05/26 11:00:00,A:Annual,NR:Number,T:Total,TOTAL:Total,DE24:Oberfranken,2025,1055758,,,DE24
ESTAT:DEMO_R_D2JAN(1.0),08/05/26 11:00:00,A:Annual,NR:Number,T:Total,TOTAL:Total,DE25:Mittelfranken,2025,1795909,,,DE25
ESTAT:DEMO_R_D2JAN(1.0),08/05/26 11:00:00,A:Annual,NR:Number,T:Total,TOTAL:Total,DE26:Unterfranken,2025,1318817,,,DE26
ESTAT:DEMO_R_D2JAN(1.0),08/05/26 11:00:00,A:Annual,NR:Number,T:Total,TOTAL:Total,DE27:Schwaben,2025,1933313,,,DE27
ESTAT:DEMO_R_D2JAN(1.0),08/05/26 11:00:00,A:Annual,NR:Number,T:Total,TOTAL:Total,DE3:Berlin,2025,3685265,,,DE3
ESTAT:DEMO_R_D2JAN(1.0),08/05/26 11:00:00,A:Annual,NR:Number,T:Total,TOTAL:Total,DE30:Berlin,2025,3685265,,,DE30
ESTAT:DEMO_R_D2JAN(1.0),08/05/26 11:00:00,A:Annual,NR:Number,T:Total,TOTAL:Total,DE4:Brandenburg,2025,2556747,,,DE4
ESTAT:DEMO_R_D2JAN(1.0),08/05/26 11:00:00,A:Annual,NR:Number,T:Total,TOTAL:Total,DE40:Brandenburg,2025,2556747,,,DE40
ESTAT:DEMO_R_D2JAN(1.0),08/05/26 11:00:00,A:Annual,NR:Number,T:Total,TOTAL:Total,DE5:Bremen,2025,704881,,,DE5
ESTAT:DEMO_R_D2JAN(1.0),08/05/26 11:00:00,A:Annual,NR:Number,T:Total,TOTAL:Total,DE50:Bremen,2025,704881,,,DE50
ESTAT:DEMO_R_D2JAN(1.0),08/05/26 11:00:00,A:Annual,NR:Number,T:Total,TOTAL:Total,DE6:Hamburg,2025,1862565,,,DE6
ESTAT:DEMO_R_D2JAN(1.0),08/05/26 11:00:00,A:Annual,NR:Number,T:Total,TOTAL:Total,DE60:Hamburg,2025,1862565,,,DE60
ESTAT:DEMO_R_D2JAN(1.0),08/05/26 11:00:00,A:Annual,NR:Number,T:Total,TOTAL:Total,DE7:Hessen,2025,6280793,,,DE7
ESTAT:DEMO_R_D2JAN(1.0),08/05/26 11:00:00,A:Annual,NR:Number,T:Total,TOTAL:Total,DE71:Darmstadt,2025,4039611,,,DE71
ESTAT:DEMO_R_D2JAN(1.0),08/05/26 11:00:00,A:Annual,NR:Number,T:Total,TOTAL:Total,DE72:Gießen,2025,1040290,,,DE72
ESTAT:DEMO_R_D2JAN(1.0),08/05/26 11:00:00,A:Annual,NR:Number,T:Total,TOTAL:Total,DE73:Kassel,2025,1200892,,,DE73
ESTAT:DEMO_R_D2JAN(1.0),08/05/26 11:00:00,A:Annual,NR:Number,T:Total,TOTAL:Total,DE8:Mecklenburg-Vorpommern,2025,1573597,,,DE8
ESTAT:DEMO_R_D2JAN(1.0),08/05/26 11:00:00,A:Annual,NR:Number,T:Total,TOTAL:Total,DE80:Mecklenburg-Vorpommern,2025,1573597,,,DE80
ESTAT:DEMO_R_D2JAN(1.0),08/05/26 11:00:00,A:Annual,NR:Number,T:Total,TOTAL:Total,DE9:Niedersachsen,2025,8004489,,,DE9
ESTAT:DEMO_R_D2JAN(1.0),08/05/26 11:00:00,A:Annual,NR:Number,T:Total,TOTAL:Total,DE91:Braunschweig,2025,1589423,,,DE91
ESTAT:DEMO_R_D2JAN(1.0),08/05/26 11:00:00,A:Annual,NR:Number,T:Total,TOTAL:Total,DE92:Hannover,2025,2123689,,,DE92
ESTAT:DEMO_R_D2JAN(1.0),08/05/26 11:00:00,A:Annual,NR:Number,T:Total,TOTAL:Total,DE93:Lüneburg,2025,1721892,,,DE93
ESTAT:DEMO_R_D2JAN(1.0),08/05/26 11:00:00,A:Annual,NR:Number,T:Total,TOTAL:Total,DE94:Weser-Ems,2025,2569485,,,DE94
ESTAT:DEMO_R_D2JAN(1.0),08/05/26 11:00:00,A:Annual,NR:Number,T:Total,TOTAL:Total,DEA:Nordrhein-Westfalen,2025,18034454,,,DEA
ESTAT:DEMO_R_D2JAN(1.0),08/05/26 11:00:00,A:Annual,NR:Number,T:Total,TOTAL:Total,DEA1:Düsseldorf,2025,5244379,,,DEA1
ESTAT:DEMO_R_D2JAN(1.0),08/05/26 11:00:00,A:Annual,NR:Number,T:Total,TOTAL:Total,DEA2:Köln,2025,4486282,,,DEA2
ESTAT:DEMO_R_D2JAN(1.0),08/05/26 11:00:00,A:Annual,NR:Number,T:Total,TOTAL:Total,DEA3:Münster,2025,2659034,,,DEA3
ESTAT:DEMO_R_D2JAN(1.0),08/05/26 11:00:00,A:Annual,NR:Number,T:Total,TOTAL:Total,DEA4:Detmold,2025,2072861,,,DEA4
ESTAT:DEMO_R_D2JAN(1.0),08/05/26 11:00:00,A:Annual,NR:Number,T:Total,TOTAL:Total,DEA5:Arnsberg,2025,3571898,,,DEA5
ESTAT:DEMO_R_D2JAN(1.0),08/05/26 11:00:00,A:Annual,NR:Number,T:Total,TOTAL:Total,DEB:Rheinland-Pfalz,2025,4129569,,,DEB
ESTAT:DEMO_R_D2JAN(1.0),08/05/26 11:00:00,A:Annual,NR:Number,T:Total,TOTAL:Total,DEB1:Koblenz,2025,1530208,,,DEB1
ESTAT:DEMO_R_D2JAN(1.0),08/05/26 11:00:00,A:Annual,NR:Number,T:Total,TOTAL:Total,DEB2:Trier,2025,525583,,,DEB2
ESTAT:DEMO_R_D2JAN(1.0),08/05/26 11:00:00,A:Annual,NR:Number,T:Total,TOTAL:Total,DEB3:Rheinhessen-Pfalz,2025,2073778,,,DEB3
ESTAT:DEMO_R_D2JAN(1.0),08/05/26 11:00:00,A:Annual,NR:Number,T:Total,TOTAL:Total,DEC:Saarland,2025,1012141,,,DEC
ESTAT:DEMO_R_D2JAN(1.0),08/05/26 11:00:00,A:Annual,NR:Number,T:Total,TOTAL:Total,DEC0:Saarland,2025,1012141,,,DEC0
ESTAT:DEMO_R_D2JAN(1.0),08/05/26 11:00:00,A:Annual,NR:Number,T:Total,TOTAL:Total,DED:Sachsen,2025,4042422,,,DED
ESTAT:DEMO_R_D2JAN(1.0),08/05/26 11:00:00,A:Annual,NR:Number,T:Total,TOTAL:Total,DED2:Dresden,2025,1584687,,,DED2
ESTAT:DEMO_R_D2JAN(1.0),08/05/26 11:00:00,A:Annual,NR:Number,T:Total,TOTAL:Total,DED4:Chemnitz,2025,1386336,,,DED4
ESTAT:DEMO_R_D2JAN(1.0),08/05/26 11:00:00,A:Annual,NR:Number,T:Total,TOTAL:Total,DED5:Leipzig,2025,1071399,,,DED5
ESTAT:DEMO_R_D2JAN(1.0),08/05/26 11:00:00,A:Annual,NR:Number,T:Total,TOTAL:Total,DEE:Sachsen-Anhalt,2025,2135597,,,DEE
ESTAT:DEMO_R_D2JAN(1.0),08/05/26 11:00:00,A:Annual,NR:Number,T:Total,TOTAL:Total,DEE0:Sachsen-Anhalt,2025,2135597,,,DEE0
ESTAT:DEMO_R_D2JAN(1.0),08/05/26 11:00:00,A:Annual,NR:Number,T:Total,TOTAL:Total,DEF:Schleswig-Holstein,2025,2959517,,,DEF
ESTAT:DEMO_R_D2JAN(1.0),08/05/26 11:00:00,A:Annual,NR:Number,T:Total,TOTAL:Total,DEF0:Schleswig-Holstein,2025,2959517,,,DEF0
ESTAT:DEMO_R_D2JAN(1.0),08/05/26 11:00:00,A:Annual,NR:Number,T:Total,TOTAL:Total,DEG:Thüringen,2025,2100277,,,DEG
ESTAT:DEMO_R_D2JAN(1.0),08/05/26 11:00:00,A:Annual,NR:Number,T:Total,TOTAL:Total,DEG0:Thüringen,2025,2100277,,,DEG0
ESTAT:DEMO_R_D2JAN(1.0),08/05/26 11:00:00,A:Annual,NR:Number,T:Total,TOTAL:Total,DK:Denmark,2025,5992734,,,DK
ESTAT:DEMO_R_D2JAN(1.0),08/05/26 11:00:00,A:Annual,NR:Number,T:Total,TOTAL:Total,DK0:Danmark,2025,5992734,,,DK0
ESTAT:DEMO_R_D2JAN(1.0),08/05/26 11:00:00,A:Annual,NR:Number,T:Total,TOTAL:Total,DK01:Hovedstaden,2025,1930793,,,DK01
ESTAT:DEMO_R_D2JAN(1.0),08/05/26 11:00:00,A:Annual,NR:Number,T:Total,TOTAL:Total,DK02:Sjælland,2025,854902,,,DK02
ESTAT:DEMO_R_D2JAN(1.0),08/05/26 11:00:00,A:Annual,NR:Number,T:Total,TOTAL:Total,DK03:Syddanmark,2025,1240472,,,DK03
ESTAT:DEMO_R_D2JAN(1.0),08/05/26 11:00:00,A:Annual,NR:Number,T:Total,TOTAL:Total,DK04:Midtjylland,2025,1373799,,,DK04
ESTAT:DEMO_R_D2JAN(1.0),08/05/26 11:00:00,A:Annual,NR:Number,T:Total,TOTAL:Total,DK05:Nordjylland,2025,592768,,,DK05
ESTAT:DEMO_R_D2JAN(1.0),08/05/26 11:00:00,A:Annual,NR:Number,T:Total,TOTAL:Total,EE:Estonia,2025,1369995,,,EE
ESTAT:DEMO_R_D2JAN(1.0),08/05/26 11:00:00,A:Annual,NR:Number,T:Total,TOTAL:Total,EE0:Eesti,2025,1369995,,,EE0
ESTAT:DEMO_R_D2JAN(1.0),08/05/26 11:00:00,A:Annual,NR:Number,T:Total,TOTAL:Total,EE00:Eesti,2025,1369995,,,EE00
ESTAT:DEMO_R_D2JAN(1.0),08/05/26 11:00:00,A:Annual,NR:Number,T:Total,TOTAL:Total,EFTA:European Free Trade Association,2025,15075699,,,EFTA
ESTAT:DEMO_R_D2JAN(1.0),08/05/26 11:00:00,A:Annual,NR:Number,T:Total,TOTAL:Total,EL:Greece,2025,10372335,,,EL
ESTAT:DEMO_R_D2JAN(1.0),08/05/26 11:00:00,A:Annual,NR:Number,T:Total,TOTAL:Total,EL3:Attiki,2025,3764272,,,EL3
ESTAT:DEMO_R_D2JAN(1.0),08/05/26 11:00:00,A:Annual,NR:Number,T:Total,TOTAL:Total,EL30:Attiki,2025,3764272,,,EL30
ESTAT:DEMO_R_D2JAN(1.0),08/05/26 11:00:00,A:Annual,NR:Number,T:Total,TOTAL:Total,"EL4:Nisia Aigaiou, Kriti",2025,1156084,,,EL4
ESTAT:DEMO_R_D2JAN(1.0),08/05/26 11:00:00,A:Annual,NR:Number,T:Total,TOTAL:Total,EL41:Voreio Aigaio,2025,207927,,,EL41
ESTAT:DEMO_R_D2JAN(1.0),08/05/26 11:00:00,A:Annual,NR:Number,T:Total,TOTAL:Total,EL42:Notio Aigaio,2025,327036,,,EL42
ESTAT:DEMO_R_D2JAN(1.0),08/05/26 11:00:00,A:Annual,NR:Number,T:Total,TOTAL:Total,EL43:Kriti,2025,621121,,,EL43
ESTAT:DEMO_R_D2JAN(1.0),08/05/26 11:00:00,A:Annual,NR:Number,T:Total,TOTAL:Total,EL5:Voreia Elláda,2025,2905231,,,EL5
ESTAT:DEMO_R_D2JAN(1.0),08/05/26 11:00:00,A:Annual,NR:Number,T:Total,TOTAL:Total,"EL51:Anatoliki Makedonia, Thraki",2025,565195,,,EL51
ESTAT:DEMO_R_D2JAN(1.0),08/05/26 11:00:00,A:Annual,NR:Number,T:Total,TOTAL:Total,EL52:Kentriki Makedonia,2025,1772400,,,EL52
ESTAT:DEMO_R_D2JAN(1.0),08/05/26 11:00:00,A:Annual,NR:Number,T:Total,TOTAL:Total,EL53:Dytiki Makedonia,2025,243575,,,EL53
ESTAT:DEMO_R_D2JAN(1.0),08/05/26 11:00:00,A:Annual,NR:Number,T:Total,TOTAL:Total,EL54:Ipeiros,2025,324061,,,EL54
ESTAT:DEMO_R_D2JAN(1.0),08/05/26 11:00:00,A:Annual,NR:Number,T:Total,TOTAL:Total,EL6:Kentriki Elláda,2025,2546748,,,EL6
ESTAT:DEMO_R_D2JAN(1.0),08/05/26 11:00:00,A:Annual,NR:Number,T:Total,TOTAL:Total,EL61:Thessalia,2025,676040,,,EL61
ESTAT:DEMO_R_D2JAN(1.0),08/05/26 11:00:00,A:Annual,NR:Number,T:Total,TOTAL:Total,EL62:Ionia Nisia,2025,198421,,,EL62
ESTAT:DEMO_R_D2JAN(1.0),08/05/26 11:00:00,A:Annual,NR:Number,T:Total,TOTAL:Total,EL63:Dytiki Elláda,2025,635954,,,EL63
ESTAT:DEMO_R_D2JAN(1.0),08/05/26 11:00:00,A:Annual,NR:Number,T:Total,TOTAL:Total,EL64:Sterea Elláda,2025,507168,,,EL64
ESTAT:DEMO_R_D2JAN(1.0),08/05/26 11:00:00,A:Annual,NR:Number,T:Total,TOTAL:Total,EL65:Peloponnisos,2025,529165,,,EL65
ESTAT:DEMO_R_D2JAN(1.0),08/05/26 11:00:00,A:Annual,NR:Number,T:Total,TOTAL:Total,ES:Spain,2025,49128297,,,ES
ESTAT:DEMO_R_D2JAN(1.0),08/05/26 11:00:00,A:Annual,NR:Number,T:Total,TOTAL:Total,ES1:Noroeste,2025,4323492,,,ES1
ESTAT:DEMO_R_D2JAN(1.0),08/05/26 11:00:00,A:Annual,NR:Number,T:Total,TOTAL:Total,ES11:Galicia,2025,2714741,,,ES11
ESTAT:DEMO_R_D2JAN(1.0),08/05/26 11:00:00,A:Annual,NR:Number,T:Total,TOTAL:Total,ES12:Principado de Asturias,2025,1015128,,,ES12
ESTAT:DEMO_R_D2JAN(1.0),08/05/26 11:00:00,A:Annual,NR:Number,T:Total,TOTAL:Total,ES13:Cantabria,2025,593623,,,ES13
ESTAT:DEMO_R_D2JAN(1.0),08/05/26 11:00:00,A:Annual,NR:Number,T:Total,TOTAL:Total,ES2:Noreste,2025,4617621,,,ES2
ESTAT:DEMO_R_D2JAN(1.0),08/05/26 11:00:00,A:Annual,NR:Number,T:Total,TOTAL:Total,ES21:País Vasco,2025,2242343,,,ES21
ESTAT:DEMO_R_D2JAN(1.0),08/05/26 11:00:00,A:Annual,NR:Number,T:Total,TOTAL:Total,ES22:Comunidad Foral de Navarra,2025,683854,,,ES22
ESTAT:DEMO_R_D2JAN(1.0),08/05/26 11:00:00,A:Annual,NR:Number,T:Total,TOTAL:Total,ES23:La Rioja,2025,326803,,,ES23
ESTAT:DEMO_R_D2JAN(1.0),08/05/26 11:00:00,A:Annual,NR:Number,T:Total,TOTAL:Total,ES24:Aragón,2025,1364621,,,ES24
ESTAT:DEMO_R_D2JAN(1.0),08/05/26 11:00:00,A:Annual,NR:Number,T:Total,TOTAL:Total,ES3:Comunidad de Madrid,2025,7113886,,,ES3
ESTAT:DEMO_R_D2JAN(1.0),08/05/26 11:00:00,A:Annual,NR:Number,T:Total,TOTAL:Total,ES30:Comunidad de Madrid,2025,7113886,,,ES30
ESTAT:DEMO_R_D2JAN(1.0),08/05/26 11:00:00,A:Annual,NR:Number,T:Total,TOTAL:Total,ES4:Centro (ES),2025,5580944,,,ES4
ESTAT:DEMO_R_D2JAN(1.0),08/05/26 11:00:00,A:Annual,NR:Number,T:Total,TOTAL:Total,ES41:Castilla y León,2025,2401221,,,ES41
ESTAT:DEMO_R_D2JAN(1.0),08/05/26 11:00:00,A:Annual,NR:Number,T:Total,TOTAL:Total,ES42:Castilla-La Mancha,2025,2126378,,,ES42
ESTAT:DEMO_R_D2JAN(1.0),08/05/26 11:00:00,A:Annual,NR:Number,T:Total,TOTAL:Total,ES43:Extremadura,2025,1053345,,,ES43
ESTAT:DEMO_R_D2JAN(1.0),08/05/26 11:00:00,A:Annual,NR:Number,T:Total,TOTAL:Total,ES5:Este,2025,14799152,,,ES5
ESTAT:DEMO_R_D2JAN(1.0),08/05/26 11:00:00,A:Annual,NR:Number,T:Total,TOTAL:Total,ES51:Cataluña,2025,8124126,,,ES51
ESTAT:DEMO_R_D2JAN(1.0),08/05/26 11:00:00,A:Annual,NR:Number,T:Total,TOTAL:Total,ES52:Comunitat Valenciana,2025,5425182,,,ES52
ESTAT:DEMO_R_D2JAN(1.0),08/05/26 11:00:00,A:Annual,NR:Number,T:Total,TOTAL:Total,ES53:Illes Balears,2025,1249844,,,ES53
ESTAT:DEMO_R_D2JAN(1.0),08/05/26 11:00:00,A:Annual,NR:Number,T:Total,TOTAL:Total,ES6:Sur,2025,10434336,,,ES6
ESTAT:DEMO_R_D2JAN(1.0),08/05/26 11:00:00,A:Annual,NR:Number,T:Total,TOTAL:Total,ES61:Andalucía,2025,8676713,,,ES61
ESTAT:DEMO_R_D2JAN(1.0),08/05/26 11:00:00,A:Annual,NR:Number,T:Total,TOTAL:Total,ES62:Región de Murcia,2025,1586989,,,ES62
ESTAT:DEMO_R_D2JAN(1.0),08/05/26 11:00:00,A:Annual,NR:Number,T:Total,TOTAL:Total,ES63:Ciudad de Ceuta,2025,83567,,,ES63
ESTAT:DEMO_R_D2JAN(1.0),08/05/26 11:00:00,A:Annual,NR:Number,T:Total,TOTAL:Total,ES64:Ciudad de Melilla,2025,87067,,,ES64
ESTAT:DEMO_R_D2JAN(1.0),08/05/26 11:00:00,A:Annual,NR:Number,T:Total,TOTAL:Total,ES7:Canarias,2025,2258866,,,ES7
ESTAT:DEMO_R_D2JAN(1.0),08/05/26 11:00:00,A:Annual,NR:Number,T:Total,TOTAL:Total,ES70:Canarias,2025,2258866,,,ES70
ESTAT:DEMO_R_D2JAN(1.0),08/05/26 11:00:00,A:Annual,NR:Number,T:Total,TOTAL:Total,EU27_2020:European Union - 27 countries (from 2020),2025,450646971,ep,,EU27_2020
ESTAT:DEMO_R_D2JAN(1.0),08/05/26 11:00:00,A:Annual,NR:Number,T:Total,TOTAL:Total,FI:Finland,2025,5635971,,,FI
ESTAT:DEMO_R_D2JAN(1.0),08/05/26 11:00:00,A:Annual,NR:Number,T:Total,TOTAL:Total,FI1:Manner-Suomi,2025,5605317,,,FI1
ESTAT:DEMO_R_D2JAN(1.0),08/05/26 11:00:00,A:Annual,NR:Number,T:Total,TOTAL:Total,FI19:Länsi-Suomi,2025,1399457,,,FI19
ESTAT:DEMO_R_D2JAN(1.0),08/05/26 11:00:00,A:Annual,NR:Number,T:Total,TOTAL:Total,FI1B:Helsinki-Uusimaa,2025,1782300,,,FI1B
ESTAT:DEMO_R_D2JAN(1.0),08/05/26 11:00:00,A:Annual,NR:Number,T:Total,TOTAL:Total,FI1C:Etelä-Suomi,2025,1151434,,,FI1C
ESTAT:DEMO_R_D2JAN(1.0),08/05/26 11:00:00,A:Annual,NR:Number,T:Total,TOTAL:Total,FI1D:Pohjois- ja Itä-Suomi,2025,1272126,,,FI1D
ESTAT:DEMO_R_D2JAN(1.0),08/05/26 11:00:00,A:Annual,NR:Number,T:Total,TOTAL:Total,FI2:Åland,2025,30654,,,FI2
ESTAT:DEMO_R_D2JAN(1.0),08/05/26 11:00:00,A:Annual,NR:Number,T:Total,TOTAL:Total,FI20:Åland,2025,30654,,,FI20
ESTAT:DEMO_R_D2JAN(1.0),08/05/26 11:00:00,A:Annual,NR:Number,T:Total,TOTAL:Total,FR:France,2025,68882600,p,,FR
ESTAT:DEMO_R_D2JAN(1.0),08/05/26 11:00:00,A:Annual,NR:Number,T:Total,TOTAL:Total,FR1:Ile de France,2025,12549288,p,,FR1
ESTAT:DEMO_R_D2JAN(1.0),08/05/26 11:00:00,A:Annual,NR:Number,T:Total,TOTAL:Total,FR10:Ile de France,2025,12549288,p,,FR10
ESTAT:DEMO_R_D2JAN(1.0),08/05/26 11:00:00,A:Annual,NR:Number,T:Total,TOTAL:Total,FRB:Centre — Val de Loire,2025,2588306,p,,FRB
ESTAT:DEMO_R_D2JAN(1.0),08/05/26 11:00:00,A:Annual,NR:Number,T:Total,TOTAL:Total,FRB0:Centre — Val de Loire,2025,2588306,p,,FRB0
ESTAT:DEMO_R_D2JAN(1.0),08/05/26 11:00:00,A:Annual,NR:Number,T:Total,TOTAL:Total,FRC:Bourgogne-Franche-Comté,2025,2796878,p,,FRC
ESTAT:DEMO_R_D2JAN(1.0),08/05/26 11:00:00,A:Annual,NR:Number,T:Total,TOTAL:Total,FRC1:Bourgogne,2025,1621320,p,,FRC1
ESTAT:DEMO_R_D2JAN(1.0),08/05/26 11:00:00,A:Annual,NR:Number,T:Total,TOTAL:Total,FRC2:Franche-Comté,2025,1175558,p,,FRC2
ESTAT:DEMO_R_D2JAN(1.0),08/05/26 11:00:00,A:Annual,NR:Number,T:Total,TOTAL:Total,FRD:Normandie,2025,3350982,p,,FRD
ESTAT:DEMO_R_D2JAN(1.0),08/05/26 11:00:00,A:Annual,NR:Number,T:Total,TOTAL:Total,FRD1:Basse-Normandie,2025,1486036,p,,FRD1
ESTAT:DEMO_R_D2JAN(1.0),08/05/26 11:00:00,A:Annual,NR:Number,T:Total,TOTAL:Total,FRD2:Haute-Normandie,2025,1864946,p,,FRD2
ESTAT:DEMO_R_D2JAN(1.0),08/05/26 11:00:00,A:Annual,NR:Number,T:Total,TOTAL:Total,FRE:Hauts-de-France,2025,5974447,p,,FRE
ESTAT:DEMO_R_D2JAN(1.0),08/05/26 11:00:00,A:Annual,NR:Number,T:Total,TOTAL:Total,FRE1:Nord-Pas de Calais,2025,4065757,p,,FRE1
ESTAT:DEMO_R_D2JAN(1.0),08/05/26 11:00:00,A:Annual,NR:Number,T:Total,TOTAL:Total,FRE2:Picardie,2025,1908690,p,,FRE2
ESTAT:DEMO_R_D2JAN(1.0),08/05/26 11:00:00,A:Annual,NR:Number,T:Total,TOTAL:Total,FRF:Grand Est,2025,5550155,p,,FRF
ESTAT:DEMO_R_D2JAN(1.0),08/05/26 11:00:00,A:Annual,NR:Number,T:Total,TOTAL:Total,FRF1:Alsace,2025,1941726,p,,FRF1
ESTAT:DEMO_R_D2JAN(1.0),08/05/26 11:00:00,A:Annual,NR:Number,T:Total,TOTAL:Total,FRF2:Champagne-Ardenne,2025,1296360,p,,FRF2
ESTAT:DEMO_R_D2JAN(1.0),08/05/26 11:00:00,A:Annual,NR:Number,T:Total,TOTAL:Total,FRF3:Lorraine,2025,2312069,p,,FRF3
ESTAT:DEMO_R_D2JAN(1.0),08/05/26 11:00:00,A:Annual,NR:Number,T:Total,TOTAL:Total,FRG:Pays de la Loire,2025,3945359,p,,FRG
ESTAT:DEMO_R_D2JAN(1.0),08/05/26 11:00:00,A:Annual,NR:Number,T:Total,TOTAL:Total,FRG0:Pays de la Loire,2025,3945359,p,,FRG0
ESTAT:DEMO_R_D2JAN(1.0),08/05/26 11:00:00,A:Annual,NR:Number,T:Total,TOTAL:Total,FRH:Bretagne,2025,3489252,p,,FRH
ESTAT:DEMO_R_D2JAN(1.0),08/05/26 11:00:00,A:Annual,NR:Number,T:Total,TOTAL:Total,FRH0:Bretagne,2025,3489252,p,,FRH0
ESTAT:DEMO_R_D2JAN(1.0),08/05/26 11:00:00,A:Annual,NR:Number,T:Total,TOTAL:Total,FRI:Nouvelle-Aquitaine,2025,6210839,p,,FRI
ESTAT:DEMO_R_D2JAN(1.0),08/05/26 11:00:00,A:Annual,NR:Number,T:Total,TOTAL:Total,FRI1:Aquitaine,2025,3635159,p,,FRI1
ESTAT:DEMO_R_D2JAN(1.0),08/05/26 11:00:00,A:Annual,NR:Number,T:Total,TOTAL:Total,FRI2:Limousin,2025,729224,p,,FRI2
ESTAT:DEMO_R_D2JAN(1.0),08/05/26 11:00:00,A:Annual,NR:Number,T:Total,TOTAL:Total,FRI3:Poitou-Charentes,2025,1846456,p,,FRI3
ESTAT:DEMO_R_D2JAN(1.0),08/05/26 11:00:00,A:Annual,NR:Number,T:Total,TOTAL:Total,FRJ:Occitanie,2025,6205575,p,,FRJ
ESTAT:DEMO_R_D2JAN(1.0),08/05/26 11:00:00,A:Annual,NR:Number,T:Total,TOTAL:Total,FRJ1:Languedoc-Roussillon,2025,2997570,p,,FRJ1
ESTAT:DEMO_R_D2JAN(1.0),08/05/26 11:00:00,A:Annual,NR:Number,T:Total,TOTAL:Total,FRJ2:Midi-Pyrénées,2025,3208005,p,,FRJ2
ESTAT:DEMO_R_D2JAN(1.0),08/05/26 11:00:00,A:Annual,NR:Number,T:Total,TOTAL:Total,FRK:Auvergne-Rhône-Alpes,2025,8270088,p,,FRK
ESTAT:DEMO_R_D2JAN(1.0),08/05/26 11:00:00,A:Annual,NR:Number,T:Total,TOTAL:Total,FRK1:Auvergne,2025,1368441,p,,FRK1
ESTAT:DEMO_R_D2JAN(1.0),08/05/26 11:00:00,A:Annual,NR:Number,T:Total,TOTAL:Total,FRK2:Rhône-Alpes,2025,6901647,p,,FRK2
ESTAT:DEMO_R_D2JAN(1.0),08/05/26 11:00:00,A:Annual,NR:Number,T:Total,TOTAL:Total,FRL:Provence-Alpes-Côte d’Azur,2025,5285125,p,,FRL
ESTAT:DEMO_R_D2JAN(1.0),08/05/26 11:00:00,A:Annual,NR:Number,T:Total,TOTAL:Total,FRL0:Provence-Alpes-Côte d’Azur,2025,5285125,p,,FRL0
ESTAT:DEMO_R_D2JAN(1.0),08/05/26 11:00:00,A:Annual,NR:Number,T:Total,TOTAL:Total,FRM:Corse,2025,362253,p,,FRM
ESTAT:DEMO_R_D2JAN(1.0),08/05/26 11:00:00,A:Annual,NR:Number,T:Total,TOTAL:Total,FRM0:Corse,2025,362253,p,,FRM0
ESTAT:DEMO_R_D2JAN(1.0),08/05/26 11:00:00,A:Annual,NR:Number,T:Total,TOTAL:Total,FRY:RUP FR — Régions Ultrapériphériques Françaises,2025,2304053,p,,FRY
ESTAT:DEMO_R_D2JAN(1.0),08/05/26 11:00:00,A:Annual,NR:Number,T:Total,TOTAL:Total,FRY1:Guadeloupe,2025,413791,p,,FRY1
ESTAT:DEMO_R_D2JAN(1.0),08/05/26 11:00:00,A:Annual,NR:Number,T:Total,TOTAL:Total,FRY2:Martinique,2025,359419,p,,FRY2
ESTAT:DEMO_R_D2JAN(1.0),08/05/26 11:00:00,A:Annual,NR:Number,T:Total,TOTAL:Total,FRY3:Guyane,2025,297455,p,,FRY3
ESTAT:DEMO_R_D2JAN(1.0),08/05/26 11:00:00,A:Annual,NR:Number,T:Total,TOTAL:Total,FRY4:La Réunion,2025,904180,p,,FRY4
ESTAT:DEMO_R_D2JAN(1.0),08/05/26 11:00:00,A:Annual,NR:Number,T:Total,TOTAL:Total,FRY5:Mayotte,2025,329208,p,,FRY5
ESTAT:DEMO_R_D2JAN(1.0),08/05/26 11:00:00,A:Annual,NR:Number,T:Total,TOTAL:Total,HR:Croatia,2025,3874350,,,HR
ESTAT:DEMO_R_D2JAN(1.0),08/05/26 11:00:00,A:Annual,NR:Number,T:Total,TOTAL:Total,HR0:Hrvatska,2025,3874350,,,HR0
ESTAT:DEMO_R_D2JAN(1.0),08/05/26 11:00:00,A:Annual,NR:Number,T:Total,TOTAL:Total,HR02:Panonska Hrvatska,2025,982159,,,HR02
ESTAT:DEMO_R_D2JAN(1.0),08/05/26 11:00:00,A:Annual,NR:Number,T:Total,TOTAL:Total,HR03:Jadranska Hrvatska,2025,1322482,,,HR03
ESTAT:DEMO_R_D2JAN(1.0),08/05/26 11:00:00,A:Annual,NR:Number,T:Total,TOTAL:Total,HR05:Grad Zagreb,2025,777359,,,HR05
ESTAT:DEMO_R_D2JAN(1.0),08/05/26 11:00:00,A:Annual,NR:Number,T:Total,TOTAL:Total,HR06:Sjeverna Hrvatska,2025,792350,,,HR06
ESTAT:DEMO_R_D2JAN(1.0),08/05/26 11:00:00,A:Annual,NR:Number,T:Total,TOTAL:Total,HU:Hungary,2025,9539502,,,HU
ESTAT:DEMO_R_D2JAN(1.0),08/05/26 11:00:00,A:Annual,NR:Number,T:Total,TOTAL:Total,HU1:Közép-Magyarország,2025,3021343,,,HU1
ESTAT:DEMO_R_D2JAN(1.0),08/05/26 11:00:00,A:Annual,NR:Number,T:Total,TOTAL:Total,HU11:Budapest,2025,1685209,,,HU11
ESTAT:DEMO_R_D2JAN(1.0),08/05/26 11:00:00,A:Annual,NR:Number,T:Total,TOTAL:Total,HU12:Pest,2025,1336134,,,HU12
ESTAT:DEMO_R_D2JAN(1.0),08/05/26 11:00:00,A:Annual,NR:Number,T:Total,TOTAL:Total,HU2:Dunántúl,2025,2871756,,,HU2
ESTAT:DEMO_R_D2JAN(1.0),08/05/26 11:00:00,A:Annual,NR:Number,T:Total,TOTAL:Total,HU21:Közép-Dunántúl,2025,1051169,,,HU21
ESTAT:DEMO_R_D2JAN(1.0),08/05/26 11:00:00,A:Annual,NR:Number,T:Total,TOTAL:Total,HU22:Nyugat-Dunántúl,2025,974617,,,HU22
ESTAT:DEMO_R_D2JAN(1.0),08/05/26 11:00:00,A:Annual,NR:Number,T:Total,TOTAL:Total,HU23:Dél-Dunántúl,2025,845970,,,HU23
ESTAT:DEMO_R_D2JAN(1.0),08/05/26 11:00:00,A:Annual,NR:Number,T:Total,TOTAL:Total,HU3:Alföld és Észak,2025,3646403,,,HU3
ESTAT:DEMO_R_D2JAN(1.0),08/05/26 11:00:00,A:Annual,NR:Number,T:Total,TOTAL:Total,HU31:Észak-Magyarország,2025,1072232,,,HU31
ESTAT:DEMO_R_D2JAN(1.0),08/05/26 11:00:00,A:Annual,NR:Number,T:Total,TOTAL:Total,HU32:Észak-Alföld,2025,1390406,,,HU32
ESTAT:DEMO_R_D2JAN(1.0),08/05/26 11:00:00,A:Annual,NR:Number,T:Total,TOTAL:Total,HU33:Dél-Alföld,2025,1183765,,,HU33
ESTAT:DEMO_R_D2JAN(1.0),08/05/26 11:00:00,A:Annual,NR:Number,T:Total,TOTAL:Total,IE:Ireland,2025,5440278,,,IE
ESTAT:DEMO_R_D2JAN(1.0),08/05/26 11:00:00,A:Annual,NR:Number,T:Total,TOTAL:Total,IE0:Ireland,2025,5440278,,,IE0
ESTAT:DEMO_R_D2JAN(1.0),08/05/26 11:00:00,A:Annual,NR:Number,T:Total,TOTAL:Total,IE04:Northern and Western,2025,958925,,,IE04
ESTAT:DEMO_R_D2JAN(1.0),08/05/26 11:00:00,A:Annual,NR:Number,T:Total,TOTAL:Total,IE05:Southern,2025,1805942,,,IE05
ESTAT:DEMO_R_D2JAN(1.0),08/05/26 11:00:00,A:Annual,NR:Number,T:Total,TOTAL:Total,IE06:Eastern and Midland,2025,2675411,,,IE06
ESTAT:DEMO_R_D2JAN(1.0),08/05/26 11:00:00,A:Annual,NR:Number,T:Total,TOTAL:Total,IS:Iceland,2025,389444,,,IS
ESTAT:DEMO_R_D2JAN(1.0),08/05/26 11:00:00,A:Annual,NR:Number,T:Total,TOTAL:Total,IS0:Ísland,2025,389444,,,IS0
ESTAT:DEMO_R_D2JAN(1.0),08/05/26 11:00:00,A:Annual,NR:Number,T:Total,TOTAL:Total,IS00:Ísland,2025,389444,,,IS00
ESTAT:DEMO_R_D2JAN(1.0),08/05/26 11:00:00,A:Annual,NR:Number,T:Total,TOTAL:Total,IT:Italy,2025,58943464,,,IT
ESTAT:DEMO_R_D2JAN(1.0),08/05/26 11:00:00,A:Annual,NR:Number,T:Total,TOTAL:Total,ITC:Nord-Ovest,2025,15918461,,,ITC
ESTAT:DEMO_R_D2JAN(1.0),08/05/26 11:00:00,A:Annual,NR:Number,T:Total,TOTAL:Total,ITC1:Piemonte,2025,4251868,,,ITC1
ESTAT:DEMO_R_D2JAN(1.0),08/05/26 11:00:00,A:Annual,NR:Number,T:Total,TOTAL:Total,ITC2:Valle d’Aosta/Vallée d’Aoste,2025,122532,,,ITC2
ESTAT:DEMO_R_D2JAN(1.0),08/05/26 11:00:00,A:Annual,NR:Number,T:Total,TOTAL:Total,ITC3:Liguria,2025,1510143,,,ITC3
ESTAT:DEMO_R_D2JAN(1.0),08/05/26 11:00:00,A:Annual,NR:Number,T:Total,TOTAL:Total,ITC4:Lombardia,2025,10033918,,,ITC4
ESTAT:DEMO_R_D2JAN(1.0),08/05/26 11:00:00,A:Annual,NR:Number,T:Total,TOTAL:Total,ITF:Sud,2025,13381314,,,ITF
ESTAT:DEMO_R_D2JAN(1.0),08/05/26 11:00:00,A:Annual,NR:Number,T:Total,TOTAL:Total,ITF1:Abruzzo,2025,1269118,,,ITF1
ESTAT:DEMO_R_D2JAN(1.0),08/05/26 11:00:00,A:Annual,NR:Number,T:Total,TOTAL:Total,ITF2:Molise,2025,287814,,,ITF2
ESTAT:DEMO_R_D2JAN(1.0),08/05/26 11:00:00,A:Annual,NR:Number,T:Total,TOTAL:Total,ITF3:Campania,2025,5582337,,,ITF3
ESTAT:DEMO_R_D2JAN(1.0),08/05/26 11:00:00,A:Annual,NR:Number,T:Total,TOTAL:Total,ITF4:Puglia,2025,3877395,,,ITF4
ESTAT:DEMO_R_D2JAN(1.0),08/05/26 11:00:00,A:Annual,NR:Number,T:Total,TOTAL:Total,ITF5:Basilicata,2025,530004,,,ITF5
ESTAT:DEMO_R_D2JAN(1.0),08/05/26 11:00:00,A:Annual,NR:Number,T:Total,TOTAL:Total,ITF6:Calabria,2025,1834646,,,ITF6
ESTAT:DEMO_R_D2JAN(1.0),08/05/26 11:00:00,A:Annual,NR:Number,T:Total,TOTAL:Total,ITG:Isole,2025,6349771,,,ITG
ESTAT:DEMO_R_D2JAN(1.0),08/05/26 11:00:00,A:Annual,NR:Number,T:Total,TOTAL:Total,ITG1:Sicilia,2025,4787390,,,ITG1
ESTAT:DEMO_R_D2JAN(1.0),08/05/26 11:00:00,A:Annual,NR:Number,T:Total,TOTAL:Total,ITG2:Sardegna,2025,1562381,,,ITG2
ESTAT:DEMO_R_D2JAN(1.0),08/05/26 11:00:00,A:Annual,NR:Number,T:Total,TOTAL:Total,ITH:Nord-Est,2025,11595006,,,ITH
ESTAT:DEMO_R_D2JAN(1.0),08/05/26 11:00:00,A:Annual,NR:Number,T:Total,TOTAL:Total,ITH1:Provincia Autonoma di Bolzano/Bozen,2025,539679,,,ITH1
ESTAT:DEMO_R_D2JAN(1.0),08/05/26 11:00:00,A:Annual,NR:Number,T:Total,TOTAL:Total,ITH2:Provincia Autonoma di Trento,2025,546573,,,ITH2
ESTAT:DEMO_R_D2JAN(1.0),08/05/26 11:00:00,A:Annual,NR:Number,T:Total,TOTAL:Total,ITH3:Veneto,2025,4853472,,,ITH3
ESTAT:DEMO_R_D2JAN(1.0),08/05/26 11:00:00,A:Annual,NR:Number,T:Total,TOTAL:Total,ITH4:Friuli-Venezia Giulia,2025,1193284,,,ITH4
ESTAT:DEMO_R_D2JAN(1.0),08/05/26 11:00:00,A:Annual,NR:Number,T:Total,TOTAL:Total,ITH5:Emilia-Romagna,2025,4461998,,,ITH5
ESTAT:DEMO_R_D2JAN(1.0),08/05/26 11:00:00,A:Annual,NR:Number,T:Total,TOTAL:Total,ITI:Centro (IT),2025,11698912,,,ITI
ESTAT:DEMO_R_D2JAN(1.0),08/05/26 11:00:00,A:Annual,NR:Number,T:Total,TOTAL:Total,ITI1:Toscana,2025,3657716,,,ITI1
ESTAT:DEMO_R_D2JAN(1.0),08/05/26 11:00:00,A:Annual,NR:Number,T:Total,TOTAL:Total,ITI2:Umbria,2025,851473,,,ITI2
ESTAT:DEMO_R_D2JAN(1.0),08/05/26 11:00:00,A:Annual,NR:Number,T:Total,TOTAL:Total,ITI3:Marche,2025,1480545,,,ITI3
ESTAT:DEMO_R_D2JAN(1.0),08/05/26 11:00:00,A:Annual,NR:Number,T:Total,TOTAL:Total,ITI4:Lazio,2025,5709178,,,ITI4
ESTAT:DEMO_R_D2JAN(1.0),08/05/26 11:00:00,A:Annual,NR:Number,T:Total,TOTAL:Total,LI:Liechtenstein,2025,40886,,,LI
ESTAT:DEMO_R_D2JAN(1.0),08/05/26 11:00:00,A:Annual,NR:Number,T:Total,TOTAL:Total,LI0:Liechtenstein,2025,40886,,,LI0
ESTAT:DEMO_R_D2JAN(1.0),08/05/26 11:00:00,A:Annual,NR:Number,T:Total,TOTAL:Total,LI00:Liechtenstein,2025,40886,,,LI00
ESTAT:DEMO_R_D2JAN(1.0),08/05/26 11:00:00,A:Annual,NR:Number,T:Total,TOTAL:Total,LT:Lithuania,2025,2890664,,,LT
ESTAT:DEMO_R_D2JAN(1.0),08/05/26 11:00:00,A:Annual,NR:Number,T:Total,TOTAL:Total,LT0:Lietuva,2025,2890664,,,LT0
ESTAT:DEMO_R_D2JAN(1.0),08/05/26 11:00:00,A:Annual,NR:Number,T:Total,TOTAL:Total,LT01:Sostinės regionas,2025,876727,,,LT01
ESTAT:DEMO_R_D2JAN(1.0),08/05/26 11:00:00,A:Annual,NR:Number,T:Total,TOTAL:Total,LT02:Vidurio ir vakarų Lietuvos regionas,2025,2013937,,,LT02
ESTAT:DEMO_R_D2JAN(1.0),08/05/26 11:00:00,A:Annual,NR:Number,T:Total,TOTAL:Total,LU:Luxembourg,2025,681973,,,LU
ESTAT:DEMO_R_D2JAN(1.0),08/05/26 11:00:00,A:Annual,NR:Number,T:Total,TOTAL:Total,LU0:Luxembourg,2025,681973,,,LU0
ESTAT:DEMO_R_D2JAN(1.0),08/05/26 11:00:00,A:Annual,NR:Number,T:Total,TOTAL:Total,LU00:Luxembourg,2025,681973,,,LU00
ESTAT:DEMO_R_D2JAN(1.0),08/05/26 11:00:00,A:Annual,NR:Number,T:Total,TOTAL:Total,LV:Latvia,2025,1860565,,,LV
ESTAT:DEMO_R_D2JAN(1.0),08/05/26 11:00:00,A:Annual,NR:Number,T:Total,TOTAL:Total,LV0:Latvija,2025,1860565,,,LV0
ESTAT:DEMO_R_D2JAN(1.0),08/05/26 11:00:00,A:Annual,NR:Number,T:Total,TOTAL:Total,LV00:Latvija,2025,1860565,,,LV00
ESTAT:DEMO_R_D2JAN(1.0),08/05/26 11:00:00,A:Annual,NR:Number,T:Total,TOTAL:Total,ME:Montenegro,2025,623327,,,ME
ESTAT:DEMO_R_D2JAN(1.0),08/05/26 11:00:00,A:Annual,NR:Number,T:Total,TOTAL:Total,ME0:Crna Gora,2025,623327,,,ME0
ESTAT:DEMO_R_D2JAN(1.0),08/05/26 11:00:00,A:Annual,NR:Number,T:Total,TOTAL:Total,ME00:Crna Gora,2025,623327,,,ME00
ESTAT:DEMO_R_D2JAN(1.0),08/05/26 11:00:00,A:Annual,NR:Number,T:Total,TOTAL:Total,MK:North Macedonia,2025,1822612,,,MK
ESTAT:DEMO_R_D2JAN(1.0),08/05/26 11:00:00,A:Annual,NR:Number,T:Total,TOTAL:Total,MK0:Severna Makedonija,2025,1822612,,,MK0
ESTAT:DEMO_R_D2JAN(1.0),08/05/26 11:00:00,A:Annual,NR:Number,T:Total,TOTAL:Total,MK00:Severna Makedonija,2025,1822612,,,MK00
ESTAT:DEMO_R_D2JAN(1.0),08/05/26 11:00:00,A:Annual,NR:Number,T:Total,TOTAL:Total,MT:Malta,2025,574250,,,MT
ESTAT:DEMO_R_D2JAN(1.0),08/05/26 11:00:00,A:Annual,NR:Number,T:Total,TOTAL:Total,MT0:Malta,2025,574250,,,MT0
ESTAT:DEMO_R_D2JAN(1.0),08/05/26 11:00:00,A:Annual,NR:Number,T:Total,TOTAL:Total,MT00:Malta,2025,574250,,,MT00
ESTAT:DEMO_R_D2JAN(1.0),08/05/26 11:00:00,A:Annual,NR:Number,T:Total,TOTAL:Total,NL:Netherlands,2025,18044027,,,NL
ESTAT:DEMO_R_D2JAN(1.0),08/05/26 11:00:00,A:Annual,NR:Number,T:Total,TOTAL:Total,NL1:Noord-Nederland,2025,1773584,,,NL1
ESTAT:DEMO_R_D2JAN(1.0),08/05/26 11:00:00,A:Annual,NR:Number,T:Total,TOTAL:Total,NL11:Groningen,2025,602833,,,NL11
ESTAT:DEMO_R_D2JAN(1.0),08/05/26 11:00:00,A:Annual,NR:Number,T:Total,TOTAL:Total,NL12:Friesland (NL),2025,664222,,,NL12
ESTAT:DEMO_R_D2JAN(1.0),08/05/26 11:00:00,A:Annual,NR:Number,T:Total,TOTAL:Total,NL13:Drenthe,2025,506529,,,NL13
ESTAT:DEMO_R_D2JAN(1.0),08/05/26 11:00:00,A:Annual,NR:Number,T:Total,TOTAL:Total,NL2:Oost-Nederland,2025,3813542,,,NL2
ESTAT:DEMO_R_D2JAN(1.0),08/05/26 11:00:00,A:Annual,NR:Number,T:Total,TOTAL:Total,NL21:Overijssel,2025,1195789,,,NL21
ESTAT:DEMO_R_D2JAN(1.0),08/05/26 11:00:00,A:Annual,NR:Number,T:Total,TOTAL:Total,NL22:Gelderland,2025,2161358,,,NL22
ESTAT:DEMO_R_D2JAN(1.0),08/05/26 11:00:00,A:Annual,NR:Number,T:Total,TOTAL:Total,NL23:Flevoland,2025,456395,,,NL23
ESTAT:DEMO_R_D2JAN(1.0),08/05/26 11:00:00,A:Annual,NR:Number,T:Total,TOTAL:Total,NL3:West-Nederland,2025,8657526,,,NL3
ESTAT:DEMO_R_D2JAN(1.0),08/05/26 11:00:00,A:Annual,NR:Number,T:Total,TOTAL:Total,NL32:Noord-Holland,2025,2992016,,,NL32
ESTAT:DEMO_R_D2JAN(1.0),08/05/26 11:00:00,A:Annual,NR:Number,T:Total,TOTAL:Total,NL34:Zeeland,2025,392969,,,NL34
ESTAT:DEMO_R_D2JAN(1.0),08/05/26 11:00:00,A:Annual,NR:Number,T:Total,TOTAL:Total,NL35:Utrecht,2025,1409144,,,NL35
ESTAT:DEMO_R_D2JAN(1.0),08/05/26 11:00:00,A:Annual,NR:Number,T:Total,TOTAL:Total,NL36:Zuid-Holland,2025,3863397,,,NL36
ESTAT:DEMO_R_D2JAN(1.0),08/05/26 11:00:00,A:Annual,NR:Number,T:Total,TOTAL:Total,NL4:Zuid-Nederland,2025,3799375,,,NL4
ESTAT:DEMO_R_D2JAN(1.0),08/05/26 11:00:00,A:Annual,NR:Number,T:Total,TOTAL:Total,NL41:Noord-Brabant,2025,2664047,,,NL41
ESTAT:DEMO_R_D2JAN(1.0),08/05/26 11:00:00,A:Annual,NR:Number,T:Total,TOTAL:Total,NL42:Limburg (NL),2025,1135328,,,NL42
ESTAT:DEMO_R_D2JAN(1.0),08/05/26 11:00:00,A:Annual,NR:Number,T:Total,TOTAL:Total,NO:Norway,2025,5594340,,,NO
ESTAT:DEMO_R_D2JAN(1.0),08/05/26 11:00:00,A:Annual,NR:Number,T:Total,TOTAL:Total,NO0:Norge,2025,5594340,,,NO0
ESTAT:DEMO_R_D2JAN(1.0),08/05/26 11:00:00,A:Annual,NR:Number,T:Total,TOTAL:Total,NO02:Innlandet,2025,377556,,,NO02
ESTAT:DEMO_R_D2JAN(1.0),08/05/26 11:00:00,A:Annual,NR:Number,T:Total,TOTAL:Total,NO06:Trøndelag,2025,486815,,,NO06
ESTAT:DEMO_R_D2JAN(1.0),08/05/26 11:00:00,A:Annual,NR:Number,T:Total,TOTAL:Total,NO07:Nord-Norge,2025,489103,,,NO07
ESTAT:DEMO_R_D2JAN(1.0),08/05/26 11:00:00,A:Annual,NR:Number,T:Total,TOTAL:Total,NO08:Oslo og Viken,2025,2050625,,,NO08
ESTAT:DEMO_R_D2JAN(1.0),08/05/26 11:00:00,A:Annual,NR:Number,T:Total,TOTAL:Total,NO09:Agder og Sør-Østlandet,2025,758122,,,NO09
ESTAT:DEMO_R_D2JAN(1.0),08/05/26 11:00:00,A:Annual,NR:Number,T:Total,TOTAL:Total,NO0A:Vestlandet,2025,1432119,,,NO0A
ESTAT:DEMO_R_D2JAN(1.0),08/05/26 11:00:00,A:Annual,NR:Number,T:Total,TOTAL:Total,NO0B:Svalbard og Jan Mayen,2025,0,,,NO0B
ESTAT:DEMO_R_D2JAN(1.0),08/05/26 11:00:00,A:Annual,NR:Number,T:Total,TOTAL:Total,PL:Poland,2025,36497495,,,PL
ESTAT:DEMO_R_D2JAN(1.0),08/05/26 11:00:00,A:Annual,NR:Number,T:Total,TOTAL:Total,PL2:Makroregion południowy,2025,7510458,,,PL2
ESTAT:DEMO_R_D2JAN(1.0),08/05/26 11:00:00,A:Annual,NR:Number,T:Total,TOTAL:Total,PL21:Małopolskie,2025,3319792,,,PL21
ESTAT:DEMO_R_D2JAN(1.0),08/05/26 11:00:00,A:Annual,NR:Number,T:Total,TOTAL:Total,PL22:Śląskie,2025,4190666,,,PL22
ESTAT:DEMO_R_D2JAN(1.0),08/05/26 11:00:00,A:Annual,NR:Number,T:Total,TOTAL:Total,PL4:Makroregion północno-zachodni,2025,5949043,,,PL4
ESTAT:DEMO_R_D2JAN(1.0),08/05/26 11:00:00,A:Annual,NR:Number,T:Total,TOTAL:Total,PL41:Wielkopolskie,2025,3433354,,,PL41
ESTAT:DEMO_R_D2JAN(1.0),08/05/26 11:00:00,A:Annual,NR:Number,T:Total,TOTAL:Total,PL42:Zachodniopomorskie,2025,1571895,,,PL42
ESTAT:DEMO_R_D2JAN(1.0),08/05/26 11:00:00,A:Annual,NR:Number,T:Total,TOTAL:Total,PL43:Lubuskie,2025,943794,,,PL43
ESTAT:DEMO_R_D2JAN(1.0),08/05/26 11:00:00,A:Annual,NR:Number,T:Total,TOTAL:Total,PL5:Makroregion południowo-zachodni,2025,3683074,,,PL5
ESTAT:DEMO_R_D2JAN(1.0),08/05/26 11:00:00,A:Annual,NR:Number,T:Total,TOTAL:Total,PL51:Dolnośląskie,2025,2798300,,,PL51
ESTAT:DEMO_R_D2JAN(1.0),08/05/26 11:00:00,A:Annual,NR:Number,T:Total,TOTAL:Total,PL52:Opolskie,2025,884774,,,PL52
ESTAT:DEMO_R_D2JAN(1.0),08/05/26 11:00:00,A:Annual,NR:Number,T:Total,TOTAL:Total,PL6:Makroregion północny,2025,5504196,,,PL6
ESTAT:DEMO_R_D2JAN(1.0),08/05/26 11:00:00,A:Annual,NR:Number,T:Total,TOTAL:Total,PL61:Kujawsko-pomorskie,2025,1920440,,,PL61
ESTAT:DEMO_R_D2JAN(1.0),08/05/26 11:00:00,A:Annual,NR:Number,T:Total,TOTAL:Total,PL62:Warmińsko-mazurskie,2025,1286015,,,PL62
ESTAT:DEMO_R_D2JAN(1.0),08/05/26 11:00:00,A:Annual,NR:Number,T:Total,TOTAL:Total,PL63:Pomorskie,2025,2297741,,,PL63
ESTAT:DEMO_R_D2JAN(1.0),08/05/26 11:00:00,A:Annual,NR:Number,T:Total,TOTAL:Total,PL7:Makroregion centralny,2025,3425297,,,PL7
ESTAT:DEMO_R_D2JAN(1.0),08/05/26 11:00:00,A:Annual,NR:Number,T:Total,TOTAL:Total,PL71:Łódzkie,2025,2312616,,,PL71
ESTAT:DEMO_R_D2JAN(1.0),08/05/26 11:00:00,A:Annual,NR:Number,T:Total,TOTAL:Total,PL72:Świętokrzyskie,2025,1112681,,,PL72
ESTAT:DEMO_R_D2JAN(1.0),08/05/26 11:00:00,A:Annual,NR:Number,T:Total,TOTAL:Total,PL8:Makroregion wschodni,2025,4941317,,,PL8
ESTAT:DEMO_R_D2JAN(1.0),08/05/26 11:00:00,A:Annual,NR:Number,T:Total,TOTAL:Total,PL81:Lubelskie,2025,1920632,,,PL81
ESTAT:DEMO_R_D2JAN(1.0),08/05/26 11:00:00,A:Annual,NR:Number,T:Total,TOTAL:Total,PL82:Podkarpackie,2025,1947062,,,PL82
ESTAT:DEMO_R_D2JAN(1.0),08/05/26 11:00:00,A:Annual,NR:Number,T:Total,TOTAL:Total,PL84:Podlaskie,2025,1073623,,,PL84
ESTAT:DEMO_R_D2JAN(1.0),08/05/26 11:00:00,A:Annual,NR:Number,T:Total,TOTAL:Total,PL9:Makroregion województwo mazowieckie,2025,5484110,,,PL9
ESTAT:DEMO_R_D2JAN(1.0),08/05/26 11:00:00,A:Annual,NR:Number,T:Total,TOTAL:Total,PL91:Warszawski stołeczny,2025,3298955,,,PL91
ESTAT:DEMO_R_D2JAN(1.0),08/05/26 11:00:00,A:Annual,NR:Number,T:Total,TOTAL:Total,PL92:Mazowiecki regionalny,2025,2185155,,,PL92
ESTAT:DEMO_R_D2JAN(1.0),08/05/26 11:00:00,A:Annual,NR:Number,T:Total,TOTAL:Total,PT:Portugal,2025,10749635,,,PT
ESTAT:DEMO_R_D2JAN(1.0),08/05/26 11:00:00,A:Annual,NR:Number,T:Total,TOTAL:Total,PT1:Continente,2025,10248477,,,PT1
ESTAT:DEMO_R_D2JAN(1.0),08/05/26 11:00:00,A:Annual,NR:Number,T:Total,TOTAL:Total,PT11:Norte,2025,3692842,,,PT11
ESTAT:DEMO_R_D2JAN(1.0),08/05/26 11:00:00,A:Annual,NR:Number,T:Total,TOTAL:Total,PT15:Algarve,2025,492747,,,PT15
ESTAT:DEMO_R_D2JAN(1.0),08/05/26 11:00:00,A:Annual,NR:Number,T:Total,TOTAL:Total,PT19:Centro (PT),2025,1717560,,,PT19
ESTAT:DEMO_R_D2JAN(1.0),08/05/26 11:00:00,A:Annual,NR:Number,T:Total,TOTAL:Total,PT1A:Grande Lisboa,2025,2156612,,,PT1A
ESTAT:DEMO_R_D2JAN(1.0),08/05/26 11:00:00,A:Annual,NR:Number,T:Total,TOTAL:Total,PT1B:Península de Setúbal,2025,848507,,,PT1B
ESTAT:DEMO_R_D2JAN(1.0),08/05/26 11:00:00,A:Annual,NR:Number,T:Total,TOTAL:Total,PT1C:Alentejo,2025,474894,,,PT1C
ESTAT:DEMO_R_D2JAN(1.0),08/05/26 11:00:00,A:Annual,NR:Number,T:Total,TOTAL:Total,PT1D:Oeste e Vale do Tejo,2025,865315,,,PT1D
ESTAT:DEMO_R_D2JAN(1.0),08/05/26 11:00:00,A:Annual,NR:Number,T:Total,TOTAL:Total,PT2:Região Autónoma dos Açores,2025,241718,,,PT2
ESTAT:DEMO_R_D2JAN(1.0),08/05/26 11:00:00,A:Annual,NR:Number,T:Total,TOTAL:Total,PT20:Região Autónoma dos Açores,2025,241718,,,PT20
ESTAT:DEMO_R_D2JAN(1.0),08/05/26 11:00:00,A:Annual,NR:Number,T:Total,TOTAL:Total,PT3:Região Autónoma da Madeira,2025,259440,,,PT3
ESTAT:DEMO_R_D2JAN(1.0),08/05/26 11:00:00,A:Annual,NR:Number,T:Total,TOTAL:Total,PT30:Região Autónoma da Madeira,2025,259440,,,PT30
ESTAT:DEMO_R_D2JAN(1.0),08/05/26 11:00:00,A:Annual,NR:Number,T:Total,TOTAL:Total,RO:Romania,2025,19043151,e,,RO
ESTAT:DEMO_R_D2JAN(1.0),08/05/26 11:00:00,A:Annual,NR:Number,T:Total,TOTAL:Total,RO1:Macroregiunea Unu,2025,4835561,e,,RO1
ESTAT:DEMO_R_D2JAN(1.0),08/05/26 11:00:00,A:Annual,NR:Number,T:Total,TOTAL:Total,RO11:Nord-Vest,2025,2544010,e,,RO11
ESTAT:DEMO_R_D2JAN(1.0),08/05/26 11:00:00,A:Annual,NR:Number,T:Total,TOTAL:Total,RO12:Centru,2025,2291551,e,,RO12
ESTAT:DEMO_R_D2JAN(1.0),08/05/26 11:00:00,A:Annual,NR:Number,T:Total,TOTAL:Total,RO2:Macroregiunea Doi,2025,5549383,e,,RO2
ESTAT:DEMO_R_D2JAN(1.0),08/05/26 11:00:00,A:Annual,NR:Number,T:Total,TOTAL:Total,RO21:Nord-Est,2025,3218218,e,,RO21
ESTAT:DEMO_R_D2JAN(1.0),08/05/26 11:00:00,A:Annual,NR:Number,T:Total,TOTAL:Total,RO22:Sud-Est,2025,2331165,e,,RO22
ESTAT:DEMO_R_D2JAN(1.0),08/05/26 11:00:00,A:Annual,NR:Number,T:Total,TOTAL:Total,RO3:Macroregiunea Trei,2025,5139149,e,,RO3
ESTAT:DEMO_R_D2JAN(1.0),08/05/26 11:00:00,A:Annual,NR:Number,T:Total,TOTAL:Total,RO31:Sud-Muntenia,2025,2825694,e,,RO31
ESTAT:DEMO_R_D2JAN(1.0),08/05/26 11:00:00,A:Annual,NR:Number,T:Total,TOTAL:Total,RO32:Bucureşti-Ilfov,2025,2313455,e,,RO32
ESTAT:DEMO_R_D2JAN(1.0),08/05/26 11:00:00,A:Annual,NR:Number,T:Total,TOTAL:Total,RO4:Macroregiunea Patru,2025,3519058,e,,RO4
ESTAT:DEMO_R_D2JAN(1.0),08/05/26 11:00:00,A:Annual,NR:Number,T:Total,TOTAL:Total,RO41:Sud-Vest Oltenia,2025,1848028,e,,RO41
ESTAT:DEMO_R_D2JAN(1.0),08/05/26 11:00:00,A:Annual,NR:Number,T:Total,TOTAL:Total,RO42:Vest,2025,1671030,e,,RO42
ESTAT:DEMO_R_D2JAN(1.0),08/05/26 11:00:00,A:Annual,NR:Number,T:Total,TOTAL:Total,RS:Serbia,2025,6567783,,,RS
ESTAT:DEMO_R_D2JAN(1.0),08/05/26 11:00:00,A:Annual,NR:Number,T:Total,TOTAL:Total,RS1:Srbija - sever,2025,3402442,,,RS1
ESTAT:DEMO_R_D2JAN(1.0),08/05/26 11:00:00,A:Annual,NR:Number,T:Total,TOTAL:Total,RS11:Beogradski region,2025,1682015,,,RS11
ESTAT:DEMO_R_D2JAN(1.0),08/05/26 11:00:00,A:Annual,NR:Number,T:Total,TOTAL:Total,RS12:Region Vojvodine,2025,1720427,,,RS12
ESTAT:DEMO_R_D2JAN(1.0),08/05/26 11:00:00,A:Annual,NR:Number,T:Total,TOTAL:Total,RS2:Srbija - jug,2025,3165341,,,RS2
ESTAT:DEMO_R_D2JAN(1.0),08/05/26 11:00:00,A:Annual,NR:Number,T:Total,TOTAL:Total,RS21:Region Sumadije i Zapadne Srbije,2025,1789478,,,RS21
ESTAT:DEMO_R_D2JAN(1.0),08/05/26 11:00:00,A:Annual,NR:Number,T:Total,TOTAL:Total,RS22:Region Juzne i Istocne Srbije,2025,1375863,,,RS22
ESTAT:DEMO_R_D2JAN(1.0),08/05/26 11:00:00,A:Annual,NR:Number,T:Total,TOTAL:Total,SE:Sweden,2025,10587710,,,SE
ESTAT:DEMO_R_D2JAN(1.0),08/05/26 11:00:00,A:Annual,NR:Number,T:Total,TOTAL:Total,SE1:Östra Sverige,2025,4244740,,,SE1
ESTAT:DEMO_R_D2JAN(1.0),08/05/26 11:00:00,A:Annual,NR:Number,T:Total,TOTAL:Total,SE11:Stockholm,2025,2473307,,,SE11
ESTAT:DEMO_R_D2JAN(1.0),08/05/26 11:00:00,A:Annual,NR:Number,T:Total,TOTAL:Total,SE12:Östra Mellansverige,2025,1771433,,,SE12
ESTAT:DEMO_R_D2JAN(1.0),08/05/26 11:00:00,A:Annual,NR:Number,T:Total,TOTAL:Total,SE2:Södra Sverige,2025,4584427,,,SE2
ESTAT:DEMO_R_D2JAN(1.0),08/05/26 11:00:00,A:Annual,NR:Number,T:Total,TOTAL:Total,SE21:Småland med öarna,2025,880683,,,SE21
ESTAT:DEMO_R_D2JAN(1.0),08/05/26 11:00:00,A:Annual,NR:Number,T:Total,TOTAL:Total,SE22:Sydsverige,2025,1585849,,,SE22
ESTAT:DEMO_R_D2JAN(1.0),08/05/26 11:00:00,A:Annual,NR:Number,T:Total,TOTAL:Total,SE23:Västsverige,2025,2117895,,,SE23
ESTAT:DEMO_R_D2JAN(1.0),08/05/26 11:00:00,A:Annual,NR:Number,T:Total,TOTAL:Total,SE3:Norra Sverige,2025,1758543,,,SE3
ESTAT:DEMO_R_D2JAN(1.0),08/05/26 11:00:00,A:Annual,NR:Number,T:Total,TOTAL:Total,SE31:Norra Mellansverige,2025,854488,,,SE31
ESTAT:DEMO_R_D2JAN(1.0),08/05/26 11:00:00,A:Annual,NR:Number,T:Total,TOTAL:Total,SE32:Mellersta Norrland,2025,374297,,,SE32
ESTAT:DEMO_R_D2JAN(1.0),08/05/26 11:00:00,A:Annual,NR:Number,T:Total,TOTAL:Total,SE33:Övre Norrland,2025,529758,,,SE33
ESTAT:DEMO_R_D2JAN(1.0),08/05/26 11:00:00,A:Annual,NR:Number,T:Total,TOTAL:Total,SI:Slovenia,2025,2130850,,,SI
ESTAT:DEMO_R_D2JAN(1.0),08/05/26 11:00:00,A:Annual,NR:Number,T:Total,TOTAL:Total,SI0:Slovenija,2025,2130850,,,SI0
ESTAT:DEMO_R_D2JAN(1.0),08/05/26 11:00:00,A:Annual,NR:Number,T:Total,TOTAL:Total,SI03:Vzhodna Slovenija,2025,1113731,,,SI03
ESTAT:DEMO_R_D2JAN(1.0),08/05/26 11:00:00,A:Annual,NR:Number,T:Total,TOTAL:Total,SI04:Zahodna Slovenija,2025,1017119,,,SI04
ESTAT:DEMO_R_D2JAN(1.0),08/05/26 11:00:00,A:Annual,NR:Number,T:Total,TOTAL:Total,SK:Slovakia,2025,5419451,,,SK
ESTAT:DEMO_R_D2JAN(1.0),08/05/26 11:00:00,A:Annual,NR:Number,T:Total,TOTAL:Total,SK0:Slovensko,2025,5419451,,,SK0
ESTAT:DEMO_R_D2JAN(1.0),08/05/26 11:00:00,A:Annual,NR:Number,T:Total,TOTAL:Total,SK01:Bratislavský kraj,2025,736385,,,SK01
ESTAT:DEMO_R_D2JAN(1.0),08/05/26 11:00:00,A:Annual,NR:Number,T:Total,TOTAL:Total,SK02:Západné Slovensko,2025,1797072,,,SK02
ESTAT:DEMO_R_D2JAN(1.0),08/05/26 11:00:00,A:Annual,NR:Number,T:Total,TOTAL:Total,SK03:Stredné Slovensko,2025,1297187,,,SK03
ESTAT:DEMO_R_D2JAN(1.0),08/05/26 11:00:00,A:Annual,NR:Number,T:Total,TOTAL:Total,SK04:Východné Slovensko,2025,1588807,,,SK04
ESTAT:DEMO_R_D2JAN(1.0),08/05/26 11:00:00,A:Annual,NR:Number,T:Total,TOTAL:Total,TR:Türkiye,2025,85664944,,,TR
ESTAT:DEMO_R_D2JAN(1.0),08/05/26 11:00:00,A:Annual,NR:Number,T:Total,TOTAL:Total,TR1:İstanbul,2025,15701602,,,TR1
ESTAT:DEMO_R_D2JAN(1.0),08/05/26 11:00:00,A:Annual,NR:Number,T:Total,TOTAL:Total,TR10:İstanbul,2025,15701602,,,TR10
ESTAT:DEMO_R_D2JAN(1.0),08/05/26 11:00:00,A:Annual,NR:Number,T:Total,TOTAL:Total,TR2:Batı Marmara,2025,3832502,,,TR2
ESTAT:DEMO_R_D2JAN(1.0),08/05/26 11:00:00,A:Annual,NR:Number,T:Total,TOTAL:Total,"TR21:Tekirdağ, Edirne, Kırklareli",2025,1987440,,,TR21
ESTAT:DEMO_R_D2JAN(1.0),08/05/26 11:00:00,A:Annual,NR:Number,T:Total,TOTAL:Total,"TR22:Balıkesir, Çanakkale",2025,1845062,,,TR22
ESTAT:DEMO_R_D2JAN(1.0),08/05/26 11:00:00,A:Annual,NR:Number,T:Total,TOTAL:Total,TR3:Ege,2025,10974357,,,TR3
ESTAT:DEMO_R_D2JAN(1.0),08/05/26 11:00:00,A:Annual,NR:Number,T:Total,TOTAL:Total,TR31:İzmir,2025,4493242,,,TR31
ESTAT:DEMO_R_D2JAN(1.0),08/05/26 11:00:00,A:Annual,NR:Number,T:Total,TOTAL:Total,"TR32:Aydın, Denizli, Muğla",2025,3309181,,,TR32
ESTAT:DEMO_R_D2JAN(1.0),08/05/26 11:00:00,A:Annual,NR:Number,T:Total,TOTAL:Total,"TR33:Manisa, Afyonkarahisar, Kütahya, Uşak",2025,3171934,,,TR33
ESTAT:DEMO_R_D2JAN(1.0),08/05/26 11:00:00,A:Annual,NR:Number,T:Total,TOTAL:Total,TR4:Doğu Marmara,2025,8676119,,,TR4
ESTAT:DEMO_R_D2JAN(1.0),08/05/26 11:00:00,A:Annual,NR:Number,T:Total,TOTAL:Total,"TR41:Bursa, Eskişehir, Bilecik",2025,4388743,,,TR41
ESTAT:DEMO_R_D2JAN(1.0),08/05/26 11:00:00,A:Annual,NR:Number,T:Total,TOTAL:Total,"TR42:Kocaeli, Sakarya, Düzce, Bolu, Yalova",2025,4287376,,,TR42
ESTAT:DEMO_R_D2JAN(1.0),08/05/26 11:00:00,A:Annual,NR:Number,T:Total,TOTAL:Total,TR5:Batı Anadolu,2025,8456864,,,TR5
ESTAT:DEMO_R_D2JAN(1.0),08/05/26 11:00:00,A:Annual,NR:Number,T:Total,TOTAL:Total,TR51:Ankara,2025,5864049,,,TR51
ESTAT:DEMO_R_D2JAN(1.0),08/05/26 11:00:00,A:Annual,NR:Number,T:Total,TOTAL:Total,"TR52:Konya, Karaman",2025,2592815,,,TR52
ESTAT:DEMO_R_D2JAN(1.0),08/05/26 11:00:00,A:Annual,NR:Number,T:Total,TOTAL:Total,TR6:Akdeniz,2025,10936452,,,TR6
ESTAT:DEMO_R_D2JAN(1.0),08/05/26 11:00:00,A:Annual,NR:Number,T:Total,TOTAL:Total,"TR61:Antalya, Isparta, Burdur",2025,3444338,,,TR61
ESTAT:DEMO_R_D2JAN(1.0),08/05/26 11:00:00,A:Annual,NR:Number,T:Total,TOTAL:Total,"TR62:Adana, Mersin",2025,4234763,,,TR62
ESTAT:DEMO_R_D2JAN(1.0),08/05/26 11:00:00,A:Annual,NR:Number,T:Total,TOTAL:Total,"TR63:Hatay, Kahramanmaraş, Osmaniye",2025,3257351,,,TR63
ESTAT:DEMO_R_D2JAN(1.0),08/05/26 11:00:00,A:Annual,NR:Number,T:Total,TOTAL:Total,TR7:Orta Anadolu,2025,4160359,,,TR7
ESTAT:DEMO_R_D2JAN(1.0),08/05/26 11:00:00,A:Annual,NR:Number,T:Total,TOTAL:Total,"TR71:Kırıkkale, Aksaray, Niğde, Nevşehir, Kırşehir",2025,1657733,,,TR71
ESTAT:DEMO_R_D2JAN(1.0),08/05/26 11:00:00,A:Annual,NR:Number,T:Total,TOTAL:Total,"TR72:Kayseri, Sivas, Yozgat",2025,2502626,,,TR72
ESTAT:DEMO_R_D2JAN(1.0),08/05/26 11:00:00,A:Annual,NR:Number,T:Total,TOTAL:Total,TR8:Batı Karadeniz,2025,4711687,,,TR8
ESTAT:DEMO_R_D2JAN(1.0),08/05/26 11:00:00,A:Annual,NR:Number,T:Total,TOTAL:Total,"TR81:Zonguldak, Karabük, Bartın",2025,1043995,,,TR81
ESTAT:DEMO_R_D2JAN(1.0),08/05/26 11:00:00,A:Annual,NR:Number,T:Total,TOTAL:Total,"TR82:Kastamonu, Çankırı, Sinop",2025,808929,,,TR82
ESTAT:DEMO_R_D2JAN(1.0),08/05/26 11:00:00,A:Annual,NR:Number,T:Total,TOTAL:Total,"TR83:Samsun, Tokat, Çorum, Amasya",2025,2858763,,,TR83
ESTAT:DEMO_R_D2JAN(1.0),08/05/26 11:00:00,A:Annual,NR:Number,T:Total,TOTAL:Total,TR9:Doğu Karadeniz,2025,2707777,,,TR9
ESTAT:DEMO_R_D2JAN(1.0),08/05/26 11:00:00,A:Annual,NR:Number,T:Total,TOTAL:Total,"TR90:Trabzon, Ordu, Giresun, Rize, Artvin, Gümüşhane",2025,2707777,,,TR90
ESTAT:DEMO_R_D2JAN(1.0),08/05/26 11:00:00,A:Annual,NR:Number,T:Total,TOTAL:Total,TRA:Kuzeydoğu Anadolu,2025,2140232,,,TRA
ESTAT:DEMO_R_D2JAN(1.0),08/05/26 11:00:00,A:Annual,NR:Number,T:Total,TOTAL:Total,"TRA1:Erzurum, Erzincan, Bayburt",2025,1069920,,,TRA1
ESTAT:DEMO_R_D2JAN(1.0),08/05/26 11:00:00,A:Annual,NR:Number,T:Total,TOTAL:Total,"TRA2:Ağrı, Kars, Iğdır, Ardahan",2025,1070312,,,TRA2
ESTAT:DEMO_R_D2JAN(1.0),08/05/26 11:00:00,A:Annual,NR:Number,T:Total,TOTAL:Total,TRB:Ortadoğu Anadolu,2025,3876707,,,TRB
ESTAT:DEMO_R_D2JAN(1.0),08/05/26 11:00:00,A:Annual,NR:Number,T:Total,TOTAL:Total,"TRB1:Malatya, Elazığ, Bingöl, Tunceli",2025,1724320,,,TRB1
ESTAT:DEMO_R_D2JAN(1.0),08/05/26 11:00:00,A:Annual,NR:Number,T:Total,TOTAL:Total,"TRB2:Van, Muş, Bitlis, Hakkari",2025,2152387,,,TRB2
ESTAT:DEMO_R_D2JAN(1.0),08/05/26 11:00:00,A:Annual,NR:Number,T:Total,TOTAL:Total,TRC:Güneydoğu Anadolu,2025,9490286,,,TRC
ESTAT:DEMO_R_D2JAN(1.0),08/05/26 11:00:00,A:Annual,NR:Number,T:Total,TOTAL:Total,"TRC1:Gaziantep, Adıyaman, Kilis",2025,2961139,,,TRC1
ESTAT:DEMO_R_D2JAN(1.0),08/05/26 11:00:00,A:Annual,NR:Number,T:Total,TOTAL:Total,"TRC2:Şanlıurfa, Diyarbakır",2025,4071429,,,TRC2
ESTAT:DEMO_R_D2JAN(1.0),08/05/26 11:00:00,A:Annual,NR:Number,T:Total,TOTAL:Total,"TRC3:Mardin, Batman, Şırnak, Siirt",2025,2457718,,,TRC3
